n_procs;time(s);mPow_size
1;0.000187673;12
1;0.000176759;12
1;0.000184529;7
1;0.000159213;12
1;0.000167496;12
4;0.000198074;12
4;0.000190115;12
4;0.000184618;12
4;0.000185624;12
4;0.000186875;12
16;0.000539638;12
16;0.000544533;12
16;0.000489302;12
16;0.000491127;12
16;0.000495091;12
64;0.00151707;12
64;0.00153048;12
64;0.00112986;12
64;0.00109331;12
64;0.00109652;12
