n_procs;time(s);mPow_size
1;8.12337e-05;12
1;0.000315011;12
1;8.55029e-05;12
1;0.000298493;12
1;8.53986e-05;12
4;8.74326e-05;12
4;9.10237e-05;12
4;9.62988e-05;12
4;8.89599e-05;12
4;8.9176e-05;12
16;0.000160426;12
16;0.000153899;12
16;0.000143334;12
16;0.000141144;12
16;0.000143133;12
64;0.000519879;12
64;0.000476018;12
64;0.000537857;12
64;0.000493869;12
64;0.000570051;12

