time(s);mPow_size
0.000151105;12
0.000150219;12
0.000150017;12
0.000162788;12
0.000149995;12