n_procs;time(s);mPow_size
1;0.418812;12
1;0.437003;12
1;0.431767;12
1;0.427158;12
1;0.439944;12
2;0.260396;12
2;0.249239;12
2;0.245578;12
2;0.240807;12
2;0.256846;12
4;0.165627;12
4;0.168992;12
4;0.177902;12
4;0.199003;12
4;0.173393;12
8;0.306817;12
8;0.184686;12
8;0.17406;12
8;0.195183;12
8;0.183307;12
16;0.692949;12
16;0.723384;12
16;0.48485;12
16;0.316584;12
16;0.585899;12
