n_threads;time(s);mPow_size
1;1.13249e-05;4
1;1.17943e-05;4
1;8.10689e-06;4
1;1.13994e-05;4
1;1.11982e-05;4
2;1.7181e-05;4
2;1.42455e-05;4
2;1.14888e-05;4
2;1.12504e-05;4
2;1.17794e-05;4
4;1.5907e-05;4
4;1.74046e-05;4
4;1.04308e-05;4
4;1.25691e-05;4
4;1.09896e-05;4
8;1.50949e-05;4
8;1.16378e-05;4
8;1.17719e-05;4
8;1.20699e-05;4
8;1.25915e-05;4
16;1.74493e-05;4
16;1.39549e-05;4
16;1.5527e-05;4
16;1.26064e-05;4
16;1.4849e-05;4
32;1.6436e-05;4
32;1.26585e-05;4
32;1.43722e-05;4
32;1.74344e-05;4
32;1.42679e-05;4
64;0.0159922;4
64;0.0145832;4
64;0.013668;4
64;3.42131e-05;4
64;2.37226e-05;4
1;0.000514627;8
1;0.000883818;8
1;0.00105544;8
1;0.000717513;8
1;0.000512093;8
2;0.000586234;8
2;0.000721984;8
2;0.000714034;8
2;0.000752423;8
2;0.000675976;8
4;0.000399247;8
4;0.000355132;8
4;0.000462994;8
4;0.000454293;8
4;0.000448453;8
8;0.000227167;8
8;0.000209823;8
8;0.000203088;8
8;0.000215292;8
8;0.000202693;8
16;0.00018277;8
16;0.000174597;8
16;0.000178985;8
16;0.000180267;8
16;0.000175908;8
32;0.000167221;8
32;0.000149541;8
32;0.000144541;8
32;0.000145987;8
32;0.000151768;8
64;0.000118531;8
64;0.000121012;8
64;0.000110827;8
64;0.000134245;8
64;0.000111803;8
1;0.26192;12
1;0.24677;12
1;0.244972;12
1;0.244378;12
1;0.243513;12
2;0.163343;12
2;0.169038;12
2;0.168908;12
2;0.16965;12
2;0.169725;12
4;0.0866071;12
4;0.0852728;12
4;0.0911746;12
4;0.0920646;12
4;0.0923698;12
8;0.0478347;12
8;0.0438581;12
8;0.0469868;12
8;0.0467799;12
8;0.0467363;12
16;0.0251029;12
16;0.0496555;12
16;0.0260795;12
16;0.0247682;12
16;0.0249527;12
32;0.0132102;12
32;0.0128868;12
32;0.0133129;12
32;0.0135476;12
32;0.0134302;12
64;0.00743893;12
64;0.00766477;12
64;0.00794188;12
64;0.00807168;12
64;0.00820658;12
